areaType,areaName,areaCode,date,newCasesBySpecimenDate,cumCasesBySpecimenDate
nation,England,E92000001,2020-09-19,33,339901
nation,England,E92000001,2020-09-18,1537,339868
nation,England,E92000001,2020-09-17,2896,338331
nation,England,E92000001,2020-09-16,3250,335435
nation,England,E92000001,2020-09-15,2903,332185
nation,England,E92000001,2020-09-14,2860,329282
nation,England,E92000001,2020-09-13,1688,326422
nation,England,E92000001,2020-09-12,2190,324734
nation,England,E92000001,2020-09-11,2849,322544
nation,England,E92000001,2020-09-10,3094,319695
nation,England,E92000001,2020-09-09,2844,316601
nation,England,E92000001,2020-09-08,2997,313757
nation,England,E92000001,2020-09-07,3447,310760
nation,England,E92000001,2020-09-06,2052,307313
nation,England,E92000001,2020-09-05,2185,305261
nation,England,E92000001,2020-09-04,2582,303076
nation,England,E92000001,2020-09-03,2660,300494
nation,England,E92000001,2020-09-02,2615,297834
nation,England,E92000001,2020-09-01,1915,295219
nation,England,E92000001,2020-08-31,1253,293304
nation,England,E92000001,2020-08-30,967,292051
nation,England,E92000001,2020-08-29,1034,291084
nation,England,E92000001,2020-08-28,1379,290050
nation,England,E92000001,2020-08-27,1325,288671
nation,England,E92000001,2020-08-26,1134,287346
nation,England,E92000001,2020-08-25,1053,286212
nation,England,E92000001,2020-08-24,1081,285159
nation,England,E92000001,2020-08-23,693,284078
nation,England,E92000001,2020-08-22,712,283385
nation,England,E92000001,2020-08-21,999,282673
nation,England,E92000001,2020-08-20,1218,281674
nation,England,E92000001,2020-08-19,1073,280456
nation,England,E92000001,2020-08-18,924,279383
nation,England,E92000001,2020-08-17,1138,278459
nation,England,E92000001,2020-08-16,527,277321
nation,England,E92000001,2020-08-15,647,276794
nation,England,E92000001,2020-08-14,1044,276147
nation,England,E92000001,2020-08-13,1018,275103
nation,England,E92000001,2020-08-12,1093,274085
nation,England,E92000001,2020-08-11,1213,272992
nation,England,E92000001,2020-08-10,1352,271779
nation,England,E92000001,2020-08-09,557,270427
nation,England,E92000001,2020-08-08,638,269870
nation,England,E92000001,2020-08-07,858,269232
nation,England,E92000001,2020-08-06,980,268374
nation,England,E92000001,2020-08-05,944,267394
nation,England,E92000001,2020-08-04,921,266450
nation,England,E92000001,2020-08-03,939,265529
nation,England,E92000001,2020-08-02,513,264590
nation,England,E92000001,2020-08-01,494,264077
nation,England,E92000001,2020-07-31,622,263583
nation,England,E92000001,2020-07-30,855,262961
nation,England,E92000001,2020-07-29,970,262106
nation,England,E92000001,2020-07-28,780,261136
nation,England,E92000001,2020-07-27,809,260356
nation,England,E92000001,2020-07-26,514,259547
nation,England,E92000001,2020-07-25,490,259033
nation,England,E92000001,2020-07-24,717,258543
nation,England,E92000001,2020-07-23,734,257826
nation,England,E92000001,2020-07-22,748,257092
nation,England,E92000001,2020-07-21,690,256344
nation,England,E92000001,2020-07-20,754,255654
nation,England,E92000001,2020-07-19,413,254900
nation,England,E92000001,2020-07-18,467,254487
nation,England,E92000001,2020-07-17,548,254020
nation,England,E92000001,2020-07-16,640,253472
nation,England,E92000001,2020-07-15,723,252832
nation,England,E92000001,2020-07-14,650,252109
nation,England,E92000001,2020-07-13,690,251459
nation,England,E92000001,2020-07-12,351,250769
nation,England,E92000001,2020-07-11,420,250418
nation,England,E92000001,2020-07-10,521,249998
nation,England,E92000001,2020-07-09,684,249477
nation,England,E92000001,2020-07-08,673,248793
nation,England,E92000001,2020-07-07,556,248120
nation,England,E92000001,2020-07-06,654,247564
nation,England,E92000001,2020-07-05,539,246910
nation,England,E92000001,2020-07-04,387,246371
nation,England,E92000001,2020-07-03,539,245984
nation,England,E92000001,2020-07-02,559,245445
nation,England,E92000001,2020-07-01,607,244886
nation,England,E92000001,2020-06-30,571,244279
nation,England,E92000001,2020-06-29,669,243708
nation,England,E92000001,2020-06-28,411,243039
nation,England,E92000001,2020-06-27,503,242628
nation,England,E92000001,2020-06-26,644,242125
nation,England,E92000001,2020-06-25,638,241481
nation,England,E92000001,2020-06-24,729,240843
nation,England,E92000001,2020-06-23,728,240114
nation,England,E92000001,2020-06-22,816,239386
nation,England,E92000001,2020-06-21,549,238570
nation,England,E92000001,2020-06-20,628,238021
nation,England,E92000001,2020-06-19,815,237393
nation,England,E92000001,2020-06-18,942,236578
nation,England,E92000001,2020-06-17,911,235636
nation,England,E92000001,2020-06-16,994,234725
nation,England,E92000001,2020-06-15,938,233731
nation,England,E92000001,2020-06-14,746,232793
nation,England,E92000001,2020-06-13,787,232047
nation,England,E92000001,2020-06-12,938,231260
nation,England,E92000001,2020-06-11,916,230322
nation,England,E92000001,2020-06-10,1084,229406
nation,England,E92000001,2020-06-09,1057,228322
nation,England,E92000001,2020-06-08,991,227265
nation,England,E92000001,2020-06-07,665,226274
nation,England,E92000001,2020-06-06,723,225609
nation,England,E92000001,2020-06-05,1022,224886
nation,England,E92000001,2020-06-04,1144,223864
nation,England,E92000001,2020-06-03,1245,222720
nation,England,E92000001,2020-06-02,1357,221475
nation,England,E92000001,2020-06-01,1312,220118
nation,England,E92000001,2020-05-31,987,218806
nation,England,E92000001,2020-05-30,999,217819
nation,England,E92000001,2020-05-29,1374,216820
nation,England,E92000001,2020-05-28,1572,215446
nation,England,E92000001,2020-05-27,1613,213874
nation,England,E92000001,2020-05-26,1460,212261
nation,England,E92000001,2020-05-25,1379,210801
nation,England,E92000001,2020-05-24,1196,209422
nation,England,E92000001,2020-05-23,1298,208226
nation,England,E92000001,2020-05-22,1798,206928
nation,England,E92000001,2020-05-21,2273,205130
nation,England,E92000001,2020-05-20,2353,202857
nation,England,E92000001,2020-05-19,2582,200504
nation,England,E92000001,2020-05-18,2211,197922
nation,England,E92000001,2020-05-17,1593,195711
nation,England,E92000001,2020-05-16,1767,194118
nation,England,E92000001,2020-05-15,2126,192351
nation,England,E92000001,2020-05-14,2208,190225
nation,England,E92000001,2020-05-13,2881,188017
nation,England,E92000001,2020-05-12,2925,185136
nation,England,E92000001,2020-05-11,3067,182211
nation,England,E92000001,2020-05-10,2006,179144
nation,England,E92000001,2020-05-09,1791,177138
nation,England,E92000001,2020-05-08,2622,175347
nation,England,E92000001,2020-05-07,3201,172725
nation,England,E92000001,2020-05-06,3267,169524
nation,England,E92000001,2020-05-05,3149,166257
nation,England,E92000001,2020-05-04,2842,163108
nation,England,E92000001,2020-05-03,2632,160266
nation,England,E92000001,2020-05-02,2742,157634
nation,England,E92000001,2020-05-01,4095,154892
nation,England,E92000001,2020-04-30,4312,150797
nation,England,E92000001,2020-04-29,4743,146485
nation,England,E92000001,2020-04-28,4119,141742
nation,England,E92000001,2020-04-27,4033,137623
nation,England,E92000001,2020-04-26,3133,133590
nation,England,E92000001,2020-04-25,3376,130457
nation,England,E92000001,2020-04-24,4365,127081
nation,England,E92000001,2020-04-23,4558,122716
nation,England,E92000001,2020-04-22,4797,118158
nation,England,E92000001,2020-04-21,3971,113361
nation,England,E92000001,2020-04-20,3694,109390
nation,England,E92000001,2020-04-19,3473,105696
nation,England,E92000001,2020-04-18,4126,102223
nation,England,E92000001,2020-04-17,4080,98097
nation,England,E92000001,2020-04-16,4367,94017
nation,England,E92000001,2020-04-15,4237,89650
nation,England,E92000001,2020-04-14,3562,85413
nation,England,E92000001,2020-04-13,3440,81851
nation,England,E92000001,2020-04-12,2944,78411
nation,England,E92000001,2020-04-11,3079,75467
nation,England,E92000001,2020-04-10,3581,72388
nation,England,E92000001,2020-04-09,4064,68807
nation,England,E92000001,2020-04-08,4298,64743
nation,England,E92000001,2020-04-07,4574,60445
nation,England,E92000001,2020-04-06,4391,55871
nation,England,E92000001,2020-04-05,3082,51480
nation,England,E92000001,2020-04-04,3384,48398
nation,England,E92000001,2020-04-03,4108,45014
nation,England,E92000001,2020-04-02,4067,40906
nation,England,E92000001,2020-04-01,4099,36839
nation,England,E92000001,2020-03-31,3789,32740
nation,England,E92000001,2020-03-30,3525,28951
nation,England,E92000001,2020-03-29,2441,25426
nation,England,E92000001,2020-03-28,2376,22985
nation,England,E92000001,2020-03-27,2654,20609
nation,England,E92000001,2020-03-26,2616,17955
nation,England,E92000001,2020-03-25,2266,15339
nation,England,E92000001,2020-03-24,2024,13073
nation,England,E92000001,2020-03-23,2017,11049
nation,England,E92000001,2020-03-22,1207,9032
nation,England,E92000001,2020-03-21,1035,7825
nation,England,E92000001,2020-03-20,1083,6790
nation,England,E92000001,2020-03-19,930,5707
nation,England,E92000001,2020-03-18,909,4777
nation,England,E92000001,2020-03-17,680,3868
nation,England,E92000001,2020-03-16,546,3188
nation,England,E92000001,2020-03-15,398,2642
nation,England,E92000001,2020-03-14,314,2244
nation,England,E92000001,2020-03-13,392,1930
nation,England,E92000001,2020-03-12,415,1538
nation,England,E92000001,2020-03-11,353,1123
nation,England,E92000001,2020-03-10,223,770
nation,England,E92000001,2020-03-09,124,547
nation,England,E92000001,2020-03-08,50,423
nation,England,E92000001,2020-03-07,47,373
nation,England,E92000001,2020-03-06,73,326
nation,England,E92000001,2020-03-05,47,253
nation,England,E92000001,2020-03-04,49,206
nation,England,E92000001,2020-03-03,53,157
nation,England,E92000001,2020-03-02,39,104
nation,England,E92000001,2020-03-01,20,65
nation,England,E92000001,2020-02-29,5,45
nation,England,E92000001,2020-02-28,11,40
nation,England,E92000001,2020-02-27,7,29
nation,England,E92000001,2020-02-26,4,22
nation,England,E92000001,2020-02-25,5,18
nation,England,E92000001,2020-02-24,2,13
nation,England,E92000001,2020-02-23,1,11
nation,England,E92000001,2020-02-22,0,10
nation,England,E92000001,2020-02-21,1,10
nation,England,E92000001,2020-02-20,0,9
nation,England,E92000001,2020-02-19,0,9
nation,England,E92000001,2020-02-18,0,9
nation,England,E92000001,2020-02-17,0,9
nation,England,E92000001,2020-02-16,0,9
nation,England,E92000001,2020-02-15,0,9
nation,England,E92000001,2020-02-14,0,9
nation,England,E92000001,2020-02-13,0,9
nation,England,E92000001,2020-02-12,0,9
nation,England,E92000001,2020-02-11,1,9
nation,England,E92000001,2020-02-10,0,8
nation,England,E92000001,2020-02-09,1,8
nation,England,E92000001,2020-02-08,4,7
nation,England,E92000001,2020-02-07,0,3
nation,England,E92000001,2020-02-06,0,3
nation,England,E92000001,2020-02-05,1,3
nation,England,E92000001,2020-02-04,0,2
nation,England,E92000001,2020-02-03,0,2
nation,England,E92000001,2020-02-02,0,2
nation,England,E92000001,2020-02-01,0,2
nation,England,E92000001,2020-01-31,0,2
nation,England,E92000001,2020-01-30,2,2
nation,Northern Ireland,N92000002,2020-09-17,100,8943
nation,Northern Ireland,N92000002,2020-09-16,136,8843
nation,Northern Ireland,N92000002,2020-09-15,102,8707
nation,Northern Ireland,N92000002,2020-09-14,130,8605
nation,Northern Ireland,N92000002,2020-09-13,96,8475
nation,Northern Ireland,N92000002,2020-09-12,116,8379
nation,Northern Ireland,N92000002,2020-09-11,83,8263
nation,Northern Ireland,N92000002,2020-09-10,90,8180
nation,Northern Ireland,N92000002,2020-09-09,103,8090
nation,Northern Ireland,N92000002,2020-09-08,57,7987
nation,Northern Ireland,N92000002,2020-09-07,75,7930
nation,Northern Ireland,N92000002,2020-09-06,108,7855
nation,Northern Ireland,N92000002,2020-09-05,94,7747
nation,Northern Ireland,N92000002,2020-09-04,133,7653
nation,Northern Ireland,N92000002,2020-09-03,109,7520
nation,Northern Ireland,N92000002,2020-09-02,92,7411
nation,Northern Ireland,N92000002,2020-09-01,66,7319
nation,Northern Ireland,N92000002,2020-08-31,54,7253
nation,Northern Ireland,N92000002,2020-08-30,35,7199
nation,Northern Ireland,N92000002,2020-08-29,44,7164
nation,Northern Ireland,N92000002,2020-08-28,90,7120
nation,Northern Ireland,N92000002,2020-08-27,81,7030
nation,Northern Ireland,N92000002,2020-08-26,70,6949
nation,Northern Ireland,N92000002,2020-08-25,66,6879
nation,Northern Ireland,N92000002,2020-08-24,45,6813
nation,Northern Ireland,N92000002,2020-08-23,52,6768
nation,Northern Ireland,N92000002,2020-08-22,43,6716
nation,Northern Ireland,N92000002,2020-08-21,81,6673
nation,Northern Ireland,N92000002,2020-08-20,72,6592
nation,Northern Ireland,N92000002,2020-08-19,41,6520
nation,Northern Ireland,N92000002,2020-08-18,43,6479
nation,Northern Ireland,N92000002,2020-08-17,53,6436
nation,Northern Ireland,N92000002,2020-08-16,21,6383
nation,Northern Ireland,N92000002,2020-08-15,22,6362
nation,Northern Ireland,N92000002,2020-08-14,57,6340
nation,Northern Ireland,N92000002,2020-08-13,51,6283
nation,Northern Ireland,N92000002,2020-08-12,40,6232
nation,Northern Ireland,N92000002,2020-08-11,38,6192
nation,Northern Ireland,N92000002,2020-08-10,44,6154
nation,Northern Ireland,N92000002,2020-08-09,25,6110
nation,Northern Ireland,N92000002,2020-08-08,28,6085
nation,Northern Ireland,N92000002,2020-08-07,17,6057
nation,Northern Ireland,N92000002,2020-08-06,18,6040
nation,Northern Ireland,N92000002,2020-08-05,29,6022
nation,Northern Ireland,N92000002,2020-08-04,19,5993
nation,Northern Ireland,N92000002,2020-08-03,18,5974
nation,Northern Ireland,N92000002,2020-08-02,9,5956
nation,Northern Ireland,N92000002,2020-08-01,10,5947
nation,Northern Ireland,N92000002,2020-07-31,14,5937
nation,Northern Ireland,N92000002,2020-07-30,11,5923
nation,Northern Ireland,N92000002,2020-07-29,11,5912
nation,Northern Ireland,N92000002,2020-07-28,13,5901
nation,Northern Ireland,N92000002,2020-07-27,12,5888
nation,Northern Ireland,N92000002,2020-07-26,1,5876
nation,Northern Ireland,N92000002,2020-07-25,4,5875
nation,Northern Ireland,N92000002,2020-07-24,14,5871
nation,Northern Ireland,N92000002,2020-07-23,12,5857
nation,Northern Ireland,N92000002,2020-07-22,8,5845
nation,Northern Ireland,N92000002,2020-07-21,12,5837
nation,Northern Ireland,N92000002,2020-07-20,3,5825
nation,Northern Ireland,N92000002,2020-07-19,3,5822
nation,Northern Ireland,N92000002,2020-07-18,7,5819
nation,Northern Ireland,N92000002,2020-07-17,9,5812
nation,Northern Ireland,N92000002,2020-07-16,19,5803
nation,Northern Ireland,N92000002,2020-07-15,15,5784
nation,Northern Ireland,N92000002,2020-07-14,7,5769
nation,Northern Ireland,N92000002,2020-07-13,3,5762
nation,Northern Ireland,N92000002,2020-07-12,4,5759
nation,Northern Ireland,N92000002,2020-07-11,6,5755
nation,Northern Ireland,N92000002,2020-07-10,4,5749
nation,Northern Ireland,N92000002,2020-07-09,5,5745
nation,Northern Ireland,N92000002,2020-07-08,6,5740
nation,Northern Ireland,N92000002,2020-07-07,5,5734
nation,Northern Ireland,N92000002,2020-07-06,8,5729
nation,Northern Ireland,N92000002,2020-07-05,2,5721
nation,Northern Ireland,N92000002,2020-07-04,1,5719
nation,Northern Ireland,N92000002,2020-07-03,8,5718
nation,Northern Ireland,N92000002,2020-07-02,3,5710
nation,Northern Ireland,N92000002,2020-07-01,4,5707
nation,Northern Ireland,N92000002,2020-06-30,2,5703
nation,Northern Ireland,N92000002,2020-06-29,4,5701
nation,Northern Ireland,N92000002,2020-06-28,5,5697
nation,Northern Ireland,N92000002,2020-06-27,4,5692
nation,Northern Ireland,N92000002,2020-06-26,3,5688
nation,Northern Ireland,N92000002,2020-06-25,5,5685
nation,Northern Ireland,N92000002,2020-06-24,4,5680
nation,Northern Ireland,N92000002,2020-06-23,8,5676
nation,Northern Ireland,N92000002,2020-06-22,4,5668
nation,Northern Ireland,N92000002,2020-06-21,3,5664
nation,Northern Ireland,N92000002,2020-06-20,5,5661
nation,Northern Ireland,N92000002,2020-06-19,14,5656
nation,Northern Ireland,N92000002,2020-06-18,7,5642
nation,Northern Ireland,N92000002,2020-06-17,5,5635
nation,Northern Ireland,N92000002,2020-06-16,11,5630
nation,Northern Ireland,N92000002,2020-06-15,19,5619
nation,Northern Ireland,N92000002,2020-06-14,8,5600
nation,Northern Ireland,N92000002,2020-06-13,10,5592
nation,Northern Ireland,N92000002,2020-06-12,10,5582
nation,Northern Ireland,N92000002,2020-06-11,10,5572
nation,Northern Ireland,N92000002,2020-06-10,16,5562
nation,Northern Ireland,N92000002,2020-06-09,11,5546
nation,Northern Ireland,N92000002,2020-06-08,14,5535
nation,Northern Ireland,N92000002,2020-06-07,5,5521
nation,Northern Ireland,N92000002,2020-06-06,8,5516
nation,Northern Ireland,N92000002,2020-06-05,24,5508
nation,Northern Ireland,N92000002,2020-06-04,11,5484
nation,Northern Ireland,N92000002,2020-06-03,11,5473
nation,Northern Ireland,N92000002,2020-06-02,21,5462
nation,Northern Ireland,N92000002,2020-06-01,24,5441
nation,Northern Ireland,N92000002,2020-05-31,26,5417
nation,Northern Ireland,N92000002,2020-05-30,13,5391
nation,Northern Ireland,N92000002,2020-05-29,20,5378
nation,Northern Ireland,N92000002,2020-05-28,28,5358
nation,Northern Ireland,N92000002,2020-05-27,33,5330
nation,Northern Ireland,N92000002,2020-05-26,28,5297
nation,Northern Ireland,N92000002,2020-05-25,41,5269
nation,Northern Ireland,N92000002,2020-05-24,31,5228
nation,Northern Ireland,N92000002,2020-05-23,54,5197
nation,Northern Ireland,N92000002,2020-05-22,33,5143
nation,Northern Ireland,N92000002,2020-05-21,56,5110
nation,Northern Ireland,N92000002,2020-05-20,76,5054
nation,Northern Ireland,N92000002,2020-05-19,73,4978
nation,Northern Ireland,N92000002,2020-05-18,63,4905
nation,Northern Ireland,N92000002,2020-05-17,38,4842
nation,Northern Ireland,N92000002,2020-05-16,40,4804
nation,Northern Ireland,N92000002,2020-05-15,66,4764
nation,Northern Ireland,N92000002,2020-05-14,74,4698
nation,Northern Ireland,N92000002,2020-05-13,75,4624
nation,Northern Ireland,N92000002,2020-05-12,93,4549
nation,Northern Ireland,N92000002,2020-05-11,77,4456
nation,Northern Ireland,N92000002,2020-05-10,62,4379
nation,Northern Ireland,N92000002,2020-05-09,54,4317
nation,Northern Ireland,N92000002,2020-05-08,72,4263
nation,Northern Ireland,N92000002,2020-05-07,97,4191
nation,Northern Ireland,N92000002,2020-05-06,80,4094
nation,Northern Ireland,N92000002,2020-05-05,75,4014
nation,Northern Ireland,N92000002,2020-05-04,75,3939
nation,Northern Ireland,N92000002,2020-05-03,55,3864
nation,Northern Ireland,N92000002,2020-05-02,91,3809
nation,Northern Ireland,N92000002,2020-05-01,100,3718
nation,Northern Ireland,N92000002,2020-04-30,116,3618
nation,Northern Ireland,N92000002,2020-04-29,93,3502
nation,Northern Ireland,N92000002,2020-04-28,75,3409
nation,Northern Ireland,N92000002,2020-04-27,71,3334
nation,Northern Ireland,N92000002,2020-04-26,45,3263
nation,Northern Ireland,N92000002,2020-04-25,54,3218
nation,Northern Ireland,N92000002,2020-04-24,83,3164
nation,Northern Ireland,N92000002,2020-04-23,73,3081
nation,Northern Ireland,N92000002,2020-04-22,99,3008
nation,Northern Ireland,N92000002,2020-04-21,131,2909
nation,Northern Ireland,N92000002,2020-04-20,112,2778
nation,Northern Ireland,N92000002,2020-04-19,41,2666
nation,Northern Ireland,N92000002,2020-04-18,86,2625
nation,Northern Ireland,N92000002,2020-04-17,156,2539
nation,Northern Ireland,N92000002,2020-04-16,138,2383
nation,Northern Ireland,N92000002,2020-04-15,134,2245
nation,Northern Ireland,N92000002,2020-04-14,96,2111
nation,Northern Ireland,N92000002,2020-04-13,107,2015
nation,Northern Ireland,N92000002,2020-04-12,73,1908
nation,Northern Ireland,N92000002,2020-04-11,67,1835
nation,Northern Ireland,N92000002,2020-04-10,95,1768
nation,Northern Ireland,N92000002,2020-04-09,101,1673
nation,Northern Ireland,N92000002,2020-04-08,103,1572
nation,Northern Ireland,N92000002,2020-04-07,130,1469
nation,Northern Ireland,N92000002,2020-04-06,106,1339
nation,Northern Ireland,N92000002,2020-04-05,60,1233
nation,Northern Ireland,N92000002,2020-04-04,87,1173
nation,Northern Ireland,N92000002,2020-04-03,103,1086
nation,Northern Ireland,N92000002,2020-04-02,105,983
nation,Northern Ireland,N92000002,2020-04-01,103,878
nation,Northern Ireland,N92000002,2020-03-31,112,775
nation,Northern Ireland,N92000002,2020-03-30,84,663
nation,Northern Ireland,N92000002,2020-03-29,62,579
nation,Northern Ireland,N92000002,2020-03-28,76,517
nation,Northern Ireland,N92000002,2020-03-27,68,441
nation,Northern Ireland,N92000002,2020-03-26,76,373
nation,Northern Ireland,N92000002,2020-03-25,57,297
nation,Northern Ireland,N92000002,2020-03-24,41,240
nation,Northern Ireland,N92000002,2020-03-23,41,199
nation,Northern Ireland,N92000002,2020-03-22,18,158
nation,Northern Ireland,N92000002,2020-03-21,21,140
nation,Northern Ireland,N92000002,2020-03-20,17,119
nation,Northern Ireland,N92000002,2020-03-19,14,102
nation,Northern Ireland,N92000002,2020-03-18,13,88
nation,Northern Ireland,N92000002,2020-03-17,9,75
nation,Northern Ireland,N92000002,2020-03-16,8,66
nation,Northern Ireland,N92000002,2020-03-15,2,58
nation,Northern Ireland,N92000002,2020-03-14,10,56
nation,Northern Ireland,N92000002,2020-03-13,11,46
nation,Northern Ireland,N92000002,2020-03-12,4,35
nation,Northern Ireland,N92000002,2020-03-11,11,31
nation,Northern Ireland,N92000002,2020-03-10,5,20
nation,Northern Ireland,N92000002,2020-03-09,3,15
nation,Northern Ireland,N92000002,2020-03-08,3,12
nation,Northern Ireland,N92000002,2020-03-07,5,9
nation,Northern Ireland,N92000002,2020-03-06,2,4
nation,Northern Ireland,N92000002,2020-03-05,2,2
nation,Northern Ireland,N92000002,2020-03-04,0,0
nation,Northern Ireland,N92000002,2020-03-03,0,0
nation,Northern Ireland,N92000002,2020-03-02,0,0
nation,Northern Ireland,N92000002,2020-03-01,0,0
nation,Northern Ireland,N92000002,2020-02-29,0,0
nation,Northern Ireland,N92000002,2020-02-28,0,0
nation,Northern Ireland,N92000002,2020-02-27,0,0
nation,Northern Ireland,N92000002,2020-02-26,0,0
nation,Northern Ireland,N92000002,2020-02-25,0,0
nation,Northern Ireland,N92000002,2020-02-24,0,0
nation,Northern Ireland,N92000002,2020-02-23,0,0
nation,Northern Ireland,N92000002,2020-02-22,0,0
nation,Northern Ireland,N92000002,2020-02-21,0,0
nation,Northern Ireland,N92000002,2020-02-20,0,0
nation,Northern Ireland,N92000002,2020-02-19,0,0
nation,Northern Ireland,N92000002,2020-02-18,0,0
nation,Northern Ireland,N92000002,2020-02-17,0,0
nation,Northern Ireland,N92000002,2020-02-16,0,0
nation,Northern Ireland,N92000002,2020-02-15,0,0
nation,Northern Ireland,N92000002,2020-02-14,0,0
nation,Northern Ireland,N92000002,2020-02-13,0,0
nation,Northern Ireland,N92000002,2020-02-12,0,0
nation,Northern Ireland,N92000002,2020-02-11,0,0
nation,Northern Ireland,N92000002,2020-02-10,0,0
nation,Northern Ireland,N92000002,2020-02-09,0,0
nation,Northern Ireland,N92000002,2020-02-08,0,0
nation,Northern Ireland,N92000002,2020-02-07,0,0
nation,Northern Ireland,N92000002,2020-02-06,0,0
nation,Northern Ireland,N92000002,2020-02-05,0,0
nation,Northern Ireland,N92000002,2020-02-04,0,0
nation,Northern Ireland,N92000002,2020-02-03,0,0
nation,Northern Ireland,N92000002,2020-02-02,0,0
nation,Northern Ireland,N92000002,2020-02-01,0,0
nation,Northern Ireland,N92000002,2020-01-31,0,0
nation,Northern Ireland,N92000002,2020-01-30,0,0
nation,Northern Ireland,N92000002,2020-01-29,0,0
nation,Northern Ireland,N92000002,2020-01-28,0,0
nation,Northern Ireland,N92000002,2020-01-27,0,0
nation,Northern Ireland,N92000002,2020-01-26,0,0
nation,Northern Ireland,N92000002,2020-01-25,0,0
nation,Northern Ireland,N92000002,2020-01-24,0,0
nation,Northern Ireland,N92000002,2020-01-23,0,0
nation,Northern Ireland,N92000002,2020-01-22,0,0
nation,Northern Ireland,N92000002,2020-01-21,0,0
nation,Northern Ireland,N92000002,2020-01-20,0,0
nation,Northern Ireland,N92000002,2020-01-19,0,0
nation,Northern Ireland,N92000002,2020-01-18,0,0
nation,Northern Ireland,N92000002,2020-01-17,0,0
nation,Northern Ireland,N92000002,2020-01-16,0,0
nation,Scotland,S92000003,2020-09-19,29,24370
nation,Scotland,S92000003,2020-09-18,238,24341
nation,Scotland,S92000003,2020-09-17,256,24103
nation,Scotland,S92000003,2020-09-16,279,23847
nation,Scotland,S92000003,2020-09-15,239,23568
nation,Scotland,S92000003,2020-09-14,186,23329
nation,Scotland,S92000003,2020-09-13,174,23143
nation,Scotland,S92000003,2020-09-12,213,22969
nation,Scotland,S92000003,2020-09-11,216,22756
nation,Scotland,S92000003,2020-09-10,231,22540
nation,Scotland,S92000003,2020-09-09,223,22309
nation,Scotland,S92000003,2020-09-08,103,22086
nation,Scotland,S92000003,2020-09-07,165,21983
nation,Scotland,S92000003,2020-09-06,154,21818
nation,Scotland,S92000003,2020-09-05,137,21664
nation,Scotland,S92000003,2020-09-04,170,21527
nation,Scotland,S92000003,2020-09-03,201,21357
nation,Scotland,S92000003,2020-09-02,191,21156
nation,Scotland,S92000003,2020-09-01,199,20965
nation,Scotland,S92000003,2020-08-31,143,20766
nation,Scotland,S92000003,2020-08-30,102,20623
nation,Scotland,S92000003,2020-08-29,94,20521
nation,Scotland,S92000003,2020-08-28,105,20427
nation,Scotland,S92000003,2020-08-27,97,20322
nation,Scotland,S92000003,2020-08-26,98,20225
nation,Scotland,S92000003,2020-08-25,72,20127
nation,Scotland,S92000003,2020-08-24,59,20055
nation,Scotland,S92000003,2020-08-23,67,19996
nation,Scotland,S92000003,2020-08-22,51,19929
nation,Scotland,S92000003,2020-08-21,91,19878
nation,Scotland,S92000003,2020-08-20,141,19787
nation,Scotland,S92000003,2020-08-19,93,19646
nation,Scotland,S92000003,2020-08-18,78,19553
nation,Scotland,S92000003,2020-08-17,75,19475
nation,Scotland,S92000003,2020-08-16,33,19400
nation,Scotland,S92000003,2020-08-15,20,19367
nation,Scotland,S92000003,2020-08-14,50,19347
nation,Scotland,S92000003,2020-08-13,59,19297
nation,Scotland,S92000003,2020-08-12,49,19238
nation,Scotland,S92000003,2020-08-11,63,19189
nation,Scotland,S92000003,2020-08-10,59,19126
nation,Scotland,S92000003,2020-08-09,26,19067
nation,Scotland,S92000003,2020-08-08,27,19041
nation,Scotland,S92000003,2020-08-07,46,19014
nation,Scotland,S92000003,2020-08-06,65,18968
nation,Scotland,S92000003,2020-08-05,67,18903
nation,Scotland,S92000003,2020-08-04,58,18836
nation,Scotland,S92000003,2020-08-03,62,18778
nation,Scotland,S92000003,2020-08-02,19,18716
nation,Scotland,S92000003,2020-08-01,23,18697
nation,Scotland,S92000003,2020-07-31,21,18674
nation,Scotland,S92000003,2020-07-30,27,18653
nation,Scotland,S92000003,2020-07-29,28,18626
nation,Scotland,S92000003,2020-07-28,22,18598
nation,Scotland,S92000003,2020-07-27,13,18576
nation,Scotland,S92000003,2020-07-26,7,18563
nation,Scotland,S92000003,2020-07-25,3,18556
nation,Scotland,S92000003,2020-07-24,11,18553
nation,Scotland,S92000003,2020-07-23,23,18542
nation,Scotland,S92000003,2020-07-22,16,18519
nation,Scotland,S92000003,2020-07-21,19,18503
nation,Scotland,S92000003,2020-07-20,13,18484
nation,Scotland,S92000003,2020-07-19,17,18471
nation,Scotland,S92000003,2020-07-18,13,18454
nation,Scotland,S92000003,2020-07-17,8,18441
nation,Scotland,S92000003,2020-07-16,21,18433
nation,Scotland,S92000003,2020-07-15,16,18412
nation,Scotland,S92000003,2020-07-14,10,18396
nation,Scotland,S92000003,2020-07-13,17,18386
nation,Scotland,S92000003,2020-07-12,2,18369
nation,Scotland,S92000003,2020-07-11,9,18367
nation,Scotland,S92000003,2020-07-10,12,18358
nation,Scotland,S92000003,2020-07-09,8,18346
nation,Scotland,S92000003,2020-07-08,10,18338
nation,Scotland,S92000003,2020-07-07,11,18328
nation,Scotland,S92000003,2020-07-06,8,18317
nation,Scotland,S92000003,2020-07-05,2,18309
nation,Scotland,S92000003,2020-07-04,5,18307
nation,Scotland,S92000003,2020-07-03,6,18302
nation,Scotland,S92000003,2020-07-02,13,18296
nation,Scotland,S92000003,2020-07-01,11,18283
nation,Scotland,S92000003,2020-06-30,8,18272
nation,Scotland,S92000003,2020-06-29,14,18264
nation,Scotland,S92000003,2020-06-28,3,18250
nation,Scotland,S92000003,2020-06-27,4,18247
nation,Scotland,S92000003,2020-06-26,6,18243
nation,Scotland,S92000003,2020-06-25,19,18237
nation,Scotland,S92000003,2020-06-24,8,18218
nation,Scotland,S92000003,2020-06-23,20,18210
nation,Scotland,S92000003,2020-06-22,11,18190
nation,Scotland,S92000003,2020-06-21,9,18179
nation,Scotland,S92000003,2020-06-20,6,18170
nation,Scotland,S92000003,2020-06-19,23,18164
nation,Scotland,S92000003,2020-06-18,14,18141
nation,Scotland,S92000003,2020-06-17,33,18127
nation,Scotland,S92000003,2020-06-16,17,18094
nation,Scotland,S92000003,2020-06-15,21,18077
nation,Scotland,S92000003,2020-06-14,13,18056
nation,Scotland,S92000003,2020-06-13,23,18043
nation,Scotland,S92000003,2020-06-12,30,18020
nation,Scotland,S92000003,2020-06-11,21,17990
nation,Scotland,S92000003,2020-06-10,29,17969
nation,Scotland,S92000003,2020-06-09,27,17940
nation,Scotland,S92000003,2020-06-08,18,17913
nation,Scotland,S92000003,2020-06-07,17,17895
nation,Scotland,S92000003,2020-06-06,22,17878
nation,Scotland,S92000003,2020-06-05,24,17856
nation,Scotland,S92000003,2020-06-04,35,17832
nation,Scotland,S92000003,2020-06-03,35,17797
nation,Scotland,S92000003,2020-06-02,45,17762
nation,Scotland,S92000003,2020-06-01,38,17717
nation,Scotland,S92000003,2020-05-31,23,17679
nation,Scotland,S92000003,2020-05-30,40,17656
nation,Scotland,S92000003,2020-05-29,29,17616
nation,Scotland,S92000003,2020-05-28,55,17587
nation,Scotland,S92000003,2020-05-27,66,17532
nation,Scotland,S92000003,2020-05-26,77,17466
nation,Scotland,S92000003,2020-05-25,97,17389
nation,Scotland,S92000003,2020-05-24,54,17292
nation,Scotland,S92000003,2020-05-23,50,17238
nation,Scotland,S92000003,2020-05-22,92,17188
nation,Scotland,S92000003,2020-05-21,111,17096
nation,Scotland,S92000003,2020-05-20,121,16985
nation,Scotland,S92000003,2020-05-19,182,16864
nation,Scotland,S92000003,2020-05-18,140,16682
nation,Scotland,S92000003,2020-05-17,92,16542
nation,Scotland,S92000003,2020-05-16,103,16450
nation,Scotland,S92000003,2020-05-15,152,16347
nation,Scotland,S92000003,2020-05-14,212,16195
nation,Scotland,S92000003,2020-05-13,198,15983
nation,Scotland,S92000003,2020-05-12,231,15785
nation,Scotland,S92000003,2020-05-11,261,15554
nation,Scotland,S92000003,2020-05-10,150,15293
nation,Scotland,S92000003,2020-05-09,177,15143
nation,Scotland,S92000003,2020-05-08,254,14966
nation,Scotland,S92000003,2020-05-07,290,14712
nation,Scotland,S92000003,2020-05-06,306,14422
nation,Scotland,S92000003,2020-05-05,288,14116
nation,Scotland,S92000003,2020-05-04,329,13828
nation,Scotland,S92000003,2020-05-03,189,13499
nation,Scotland,S92000003,2020-05-02,217,13310
nation,Scotland,S92000003,2020-05-01,368,13093
nation,Scotland,S92000003,2020-04-30,335,12725
nation,Scotland,S92000003,2020-04-29,430,12390
nation,Scotland,S92000003,2020-04-28,380,11960
nation,Scotland,S92000003,2020-04-27,430,11580
nation,Scotland,S92000003,2020-04-26,172,11150
nation,Scotland,S92000003,2020-04-25,184,10978
nation,Scotland,S92000003,2020-04-24,305,10794
nation,Scotland,S92000003,2020-04-23,314,10489
nation,Scotland,S92000003,2020-04-22,340,10175
nation,Scotland,S92000003,2020-04-21,399,9835
nation,Scotland,S92000003,2020-04-20,776,9436
nation,Scotland,S92000003,2020-04-19,159,8660
nation,Scotland,S92000003,2020-04-18,264,8501
nation,Scotland,S92000003,2020-04-17,394,8237
nation,Scotland,S92000003,2020-04-16,428,7843
nation,Scotland,S92000003,2020-04-15,331,7415
nation,Scotland,S92000003,2020-04-14,346,7084
nation,Scotland,S92000003,2020-04-13,359,6738
nation,Scotland,S92000003,2020-04-12,220,6379
nation,Scotland,S92000003,2020-04-11,185,6159
nation,Scotland,S92000003,2020-04-10,329,5974
nation,Scotland,S92000003,2020-04-09,304,5645
nation,Scotland,S92000003,2020-04-08,343,5341
nation,Scotland,S92000003,2020-04-07,351,4998
nation,Scotland,S92000003,2020-04-06,404,4647
nation,Scotland,S92000003,2020-04-05,225,4243
nation,Scotland,S92000003,2020-04-04,260,4018
nation,Scotland,S92000003,2020-04-03,379,3758
nation,Scotland,S92000003,2020-04-02,355,3379
nation,Scotland,S92000003,2020-04-01,384,3024
nation,Scotland,S92000003,2020-03-31,340,2640
nation,Scotland,S92000003,2020-03-30,321,2300
nation,Scotland,S92000003,2020-03-29,197,1979
nation,Scotland,S92000003,2020-03-28,205,1782
nation,Scotland,S92000003,2020-03-27,274,1577
nation,Scotland,S92000003,2020-03-26,223,1303
nation,Scotland,S92000003,2020-03-25,187,1080
nation,Scotland,S92000003,2020-03-24,167,893
nation,Scotland,S92000003,2020-03-23,138,726
nation,Scotland,S92000003,2020-03-22,75,588
nation,Scotland,S92000003,2020-03-21,66,513
nation,Scotland,S92000003,2020-03-20,83,447
nation,Scotland,S92000003,2020-03-19,49,364
nation,Scotland,S92000003,2020-03-18,41,315
nation,Scotland,S92000003,2020-03-17,43,274
nation,Scotland,S92000003,2020-03-16,21,231
nation,Scotland,S92000003,2020-03-15,12,210
nation,Scotland,S92000003,2020-03-14,19,198
nation,Scotland,S92000003,2020-03-13,48,179
nation,Scotland,S92000003,2020-03-12,38,131
nation,Scotland,S92000003,2020-03-11,26,93
nation,Scotland,S92000003,2020-03-10,21,67
nation,Scotland,S92000003,2020-03-09,16,46
nation,Scotland,S92000003,2020-03-08,3,30
nation,Scotland,S92000003,2020-03-07,6,27
nation,Scotland,S92000003,2020-03-06,6,21
nation,Scotland,S92000003,2020-03-05,2,15
nation,Scotland,S92000003,2020-03-04,6,13
nation,Scotland,S92000003,2020-03-03,3,7
nation,Scotland,S92000003,2020-03-02,1,4
nation,Scotland,S92000003,2020-03-01,2,3
nation,Scotland,S92000003,2020-02-29,0,1
nation,Scotland,S92000003,2020-02-28,1,1
nation,Wales,W92000004,2020-09-18,33,20644
nation,Wales,W92000004,2020-09-17,144,20611
nation,Wales,W92000004,2020-09-16,187,20467
nation,Wales,W92000004,2020-09-15,151,20280
nation,Wales,W92000004,2020-09-14,188,20129
nation,Wales,W92000004,2020-09-13,165,19941
nation,Wales,W92000004,2020-09-12,139,19776
nation,Wales,W92000004,2020-09-11,145,19637
nation,Wales,W92000004,2020-09-10,186,19492
nation,Wales,W92000004,2020-09-09,158,19306
nation,Wales,W92000004,2020-09-08,143,19148
nation,Wales,W92000004,2020-09-07,159,19005
nation,Wales,W92000004,2020-09-06,131,18846
nation,Wales,W92000004,2020-09-05,128,18715
nation,Wales,W92000004,2020-09-04,149,18587
nation,Wales,W92000004,2020-09-03,125,18438
nation,Wales,W92000004,2020-09-02,95,18313
nation,Wales,W92000004,2020-09-01,57,18218
nation,Wales,W92000004,2020-08-31,44,18161
nation,Wales,W92000004,2020-08-30,46,18117
nation,Wales,W92000004,2020-08-29,44,18071
nation,Wales,W92000004,2020-08-28,52,18027
nation,Wales,W92000004,2020-08-27,50,17975
nation,Wales,W92000004,2020-08-26,44,17925
nation,Wales,W92000004,2020-08-25,50,17881
nation,Wales,W92000004,2020-08-24,36,17831
nation,Wales,W92000004,2020-08-23,11,17795
nation,Wales,W92000004,2020-08-22,19,17784
nation,Wales,W92000004,2020-08-21,23,17765
nation,Wales,W92000004,2020-08-20,31,17742
nation,Wales,W92000004,2020-08-19,35,17711
nation,Wales,W92000004,2020-08-18,38,17676
nation,Wales,W92000004,2020-08-17,19,17638
nation,Wales,W92000004,2020-08-16,18,17619
nation,Wales,W92000004,2020-08-15,10,17601
nation,Wales,W92000004,2020-08-14,17,17591
nation,Wales,W92000004,2020-08-13,17,17574
nation,Wales,W92000004,2020-08-12,24,17557
nation,Wales,W92000004,2020-08-11,27,17533
nation,Wales,W92000004,2020-08-10,19,17506
nation,Wales,W92000004,2020-08-09,8,17487
nation,Wales,W92000004,2020-08-08,5,17479
nation,Wales,W92000004,2020-08-07,15,17474
nation,Wales,W92000004,2020-08-06,22,17459
nation,Wales,W92000004,2020-08-05,22,17437
nation,Wales,W92000004,2020-08-04,24,17415
nation,Wales,W92000004,2020-08-03,22,17391
nation,Wales,W92000004,2020-08-02,14,17369
nation,Wales,W92000004,2020-08-01,16,17355
nation,Wales,W92000004,2020-07-31,16,17339
nation,Wales,W92000004,2020-07-30,30,17323
nation,Wales,W92000004,2020-07-29,27,17293
nation,Wales,W92000004,2020-07-28,27,17266
nation,Wales,W92000004,2020-07-27,23,17239
nation,Wales,W92000004,2020-07-26,35,17216
nation,Wales,W92000004,2020-07-25,24,17181
nation,Wales,W92000004,2020-07-24,30,17157
nation,Wales,W92000004,2020-07-23,31,17127
nation,Wales,W92000004,2020-07-22,25,17096
nation,Wales,W92000004,2020-07-21,61,17071
nation,Wales,W92000004,2020-07-20,43,17010
nation,Wales,W92000004,2020-07-19,10,16967
nation,Wales,W92000004,2020-07-18,11,16957
nation,Wales,W92000004,2020-07-17,17,16946
nation,Wales,W92000004,2020-07-16,25,16929
nation,Wales,W92000004,2020-07-15,18,16904
nation,Wales,W92000004,2020-07-14,23,16886
nation,Wales,W92000004,2020-07-13,24,16863
nation,Wales,W92000004,2020-07-12,10,16839
nation,Wales,W92000004,2020-07-11,12,16829
nation,Wales,W92000004,2020-07-10,29,16817
nation,Wales,W92000004,2020-07-09,22,16788
nation,Wales,W92000004,2020-07-08,14,16766
nation,Wales,W92000004,2020-07-07,28,16752
nation,Wales,W92000004,2020-07-06,35,16724
nation,Wales,W92000004,2020-07-05,12,16689
nation,Wales,W92000004,2020-07-04,9,16677
nation,Wales,W92000004,2020-07-03,19,16668
nation,Wales,W92000004,2020-07-02,28,16649
nation,Wales,W92000004,2020-07-01,27,16621
nation,Wales,W92000004,2020-06-30,35,16594
nation,Wales,W92000004,2020-06-29,43,16559
nation,Wales,W92000004,2020-06-28,28,16516
nation,Wales,W92000004,2020-06-27,140,16488
nation,Wales,W92000004,2020-06-26,19,16348
nation,Wales,W92000004,2020-06-25,60,16329
nation,Wales,W92000004,2020-06-24,37,16269
nation,Wales,W92000004,2020-06-23,131,16232
nation,Wales,W92000004,2020-06-22,66,16101
nation,Wales,W92000004,2020-06-21,76,16035
nation,Wales,W92000004,2020-06-20,47,15959
nation,Wales,W92000004,2020-06-19,140,15912
nation,Wales,W92000004,2020-06-18,62,15772
nation,Wales,W92000004,2020-06-17,64,15710
nation,Wales,W92000004,2020-06-16,82,15646
nation,Wales,W92000004,2020-06-15,66,15564
nation,Wales,W92000004,2020-06-14,54,15498
nation,Wales,W92000004,2020-06-13,70,15444
nation,Wales,W92000004,2020-06-12,75,15374
nation,Wales,W92000004,2020-06-11,66,15299
nation,Wales,W92000004,2020-06-10,67,15233
nation,Wales,W92000004,2020-06-09,62,15166
nation,Wales,W92000004,2020-06-08,74,15104
nation,Wales,W92000004,2020-06-07,34,15030
nation,Wales,W92000004,2020-06-06,53,14996
nation,Wales,W92000004,2020-06-05,55,14943
nation,Wales,W92000004,2020-06-04,60,14888
nation,Wales,W92000004,2020-06-03,75,14828
nation,Wales,W92000004,2020-06-02,73,14753
nation,Wales,W92000004,2020-06-01,64,14680
nation,Wales,W92000004,2020-05-31,46,14616
nation,Wales,W92000004,2020-05-30,70,14570
nation,Wales,W92000004,2020-05-29,107,14500
nation,Wales,W92000004,2020-05-28,102,14393
nation,Wales,W92000004,2020-05-27,118,14291
nation,Wales,W92000004,2020-05-26,102,14173
nation,Wales,W92000004,2020-05-25,105,14071
nation,Wales,W92000004,2020-05-24,82,13966
nation,Wales,W92000004,2020-05-23,123,13884
nation,Wales,W92000004,2020-05-22,137,13761
nation,Wales,W92000004,2020-05-21,132,13624
nation,Wales,W92000004,2020-05-20,166,13492
nation,Wales,W92000004,2020-05-19,213,13326
nation,Wales,W92000004,2020-05-18,168,13113
nation,Wales,W92000004,2020-05-17,118,12945
nation,Wales,W92000004,2020-05-16,166,12827
nation,Wales,W92000004,2020-05-15,179,12661
nation,Wales,W92000004,2020-05-14,132,12482
nation,Wales,W92000004,2020-05-13,153,12350
nation,Wales,W92000004,2020-05-12,150,12197
nation,Wales,W92000004,2020-05-11,178,12047
nation,Wales,W92000004,2020-05-10,107,11869
nation,Wales,W92000004,2020-05-09,136,11762
nation,Wales,W92000004,2020-05-08,115,11626
nation,Wales,W92000004,2020-05-07,176,11511
nation,Wales,W92000004,2020-05-06,171,11335
nation,Wales,W92000004,2020-05-05,175,11164
nation,Wales,W92000004,2020-05-04,139,10989
nation,Wales,W92000004,2020-05-03,105,10850
nation,Wales,W92000004,2020-05-02,179,10745
nation,Wales,W92000004,2020-05-01,176,10566
nation,Wales,W92000004,2020-04-30,200,10390
nation,Wales,W92000004,2020-04-29,176,10190
nation,Wales,W92000004,2020-04-28,153,10014
nation,Wales,W92000004,2020-04-27,172,9861
nation,Wales,W92000004,2020-04-26,121,9689
nation,Wales,W92000004,2020-04-25,136,9568
nation,Wales,W92000004,2020-04-24,213,9432
nation,Wales,W92000004,2020-04-23,201,9219
nation,Wales,W92000004,2020-04-22,253,9018
nation,Wales,W92000004,2020-04-21,259,8765
nation,Wales,W92000004,2020-04-20,281,8506
nation,Wales,W92000004,2020-04-19,181,8225
nation,Wales,W92000004,2020-04-18,247,8044
nation,Wales,W92000004,2020-04-17,324,7797
nation,Wales,W92000004,2020-04-16,363,7473
nation,Wales,W92000004,2020-04-15,361,7110
nation,Wales,W92000004,2020-04-14,317,6749
nation,Wales,W92000004,2020-04-13,273,6432
nation,Wales,W92000004,2020-04-12,247,6159
nation,Wales,W92000004,2020-04-11,247,5912
nation,Wales,W92000004,2020-04-10,308,5665
nation,Wales,W92000004,2020-04-09,391,5357
nation,Wales,W92000004,2020-04-08,386,4966
nation,Wales,W92000004,2020-04-07,386,4580
nation,Wales,W92000004,2020-04-06,383,4194
nation,Wales,W92000004,2020-04-05,223,3811
nation,Wales,W92000004,2020-04-04,282,3588
nation,Wales,W92000004,2020-04-03,330,3306
nation,Wales,W92000004,2020-04-02,336,2976
nation,Wales,W92000004,2020-04-01,327,2640
nation,Wales,W92000004,2020-03-31,277,2313
nation,Wales,W92000004,2020-03-30,343,2036
nation,Wales,W92000004,2020-03-29,159,1693
nation,Wales,W92000004,2020-03-28,167,1534
nation,Wales,W92000004,2020-03-27,193,1367
nation,Wales,W92000004,2020-03-26,177,1174
nation,Wales,W92000004,2020-03-25,190,997
nation,Wales,W92000004,2020-03-24,141,807
nation,Wales,W92000004,2020-03-23,133,666
nation,Wales,W92000004,2020-03-22,76,533
nation,Wales,W92000004,2020-03-21,75,457
nation,Wales,W92000004,2020-03-20,73,382
nation,Wales,W92000004,2020-03-19,60,309
nation,Wales,W92000004,2020-03-18,36,249
nation,Wales,W92000004,2020-03-17,37,213
nation,Wales,W92000004,2020-03-16,37,176
nation,Wales,W92000004,2020-03-15,32,139
nation,Wales,W92000004,2020-03-14,19,107
nation,Wales,W92000004,2020-03-13,28,88
nation,Wales,W92000004,2020-03-12,25,60
nation,Wales,W92000004,2020-03-11,15,35
nation,Wales,W92000004,2020-03-10,12,20
nation,Wales,W92000004,2020-03-09,3,8
nation,Wales,W92000004,2020-03-08,1,5
nation,Wales,W92000004,2020-03-07,2,4
nation,Wales,W92000004,2020-03-06,0,2
nation,Wales,W92000004,2020-03-05,0,2
nation,Wales,W92000004,2020-03-04,1,2
nation,Wales,W92000004,2020-03-03,0,1
nation,Wales,W92000004,2020-03-02,0,1
nation,Wales,W92000004,2020-03-01,0,1
nation,Wales,W92000004,2020-02-29,0,1
nation,Wales,W92000004,2020-02-28,0,1
nation,Wales,W92000004,2020-02-27,1,1
